customer_id,customername,gender,dob,city,customersince
1,Baiju Dhingra,Male,1952-12-02,Chandigarh,2023-01-20
2,Amira Bhatia,Female,1978-06-14,Hyderabad,2016-06-16
3,Farhan Rout,Male,1970-04-04,Chennai,2025-01-06
4,Nitara Amble,Male,1952-04-30,Mumbai,2023-07-10
5,Anahi Deep,Male,1973-03-07,Chandigarh,2018-10-20
6,Mishti Zacharia,Female,1953-04-14,Lucknow,2020-03-08
7,Madhup Deshpande,Male,1965-10-11,Hyderabad,2020-11-12
8,Zoya Sankar,Male,1954-08-19,Bengaluru,2022-10-01
9,Riya Rout,Male,1986-04-13,Chennai,2017-09-02
10,Kabir Handa,Male,2006-04-25,Jaipur,2018-04-12
11,Divyansh Halder,Female,2002-08-28,Bhopal,2024-12-22
12,Kaira Sem,Female,1984-07-19,Chennai,2024-04-13
13,Ivan Khalsa,Female,1950-03-30,Lucknow,2022-10-08
14,Hiran Kala,Male,1993-11-26,Visakhapatnam,2019-12-07
15,Seher Madan,Male,1956-08-09,Visakhapatnam,2022-11-13
16,Shamik Chakrabarti,Female,1973-05-09,Bhopal,2024-01-23
17,Lakshay Gola,Female,1957-01-15,Pune,2020-08-07
18,Hridaan Borra,Male,1968-05-20,Mumbai,2016-11-19
19,Saira Bora,Female,1994-04-21,Visakhapatnam,2018-04-19
20,Ivan Bakshi,Male,2005-07-21,Bengaluru,2018-01-02
21,Vihaan Bail,Male,2001-01-26,Kolkata,2020-10-06
22,Adah Sharaf,Female,1957-12-29,Pune,2023-11-03
23,Anahita Vala,Female,2001-12-28,Lucknow,2020-09-06
24,Misha Shan,Male,1959-06-27,Visakhapatnam,2016-03-27
25,Krish Sodhi,Female,1952-02-20,Bhopal,2016-07-26
26,Ivan Gupta,Male,1959-11-04,Jaipur,2023-03-27
27,Sahil Sunder,Female,1964-01-08,Indore,2016-12-28
28,Indrajit Kala,Female,2007-03-02,Bengaluru,2021-08-01
29,Zain Kala,Female,2005-10-31,Coimbatore,2021-08-16
30,Vaibhav Kaul,Male,2007-04-06,Lucknow,2024-08-21
31,Raghav Chanda,Male,1976-12-26,Bhopal,2022-09-05
32,Priyansh Arya,Male,1968-09-25,Hyderabad,2018-03-11
33,Charvi Vasa,Female,1972-10-10,Visakhapatnam,2018-12-28
34,Aaryahi Sekhon,Male,1998-05-04,Bengaluru,2019-07-19
35,Mannat Kuruvilla,Male,2008-01-18,Coimbatore,2023-04-19
36,Shanaya Luthra,Female,1972-06-23,Kolkata,2021-01-24
37,Divij Yohannan,Female,1965-10-17,Ahmedabad,2021-02-17
38,Kismat Gill,Female,1994-06-15,Mumbai,2018-04-19
39,Tushar Balan,Male,1971-10-20,Pune,2021-05-06
40,Arnav Sachdev,Female,1974-01-14,Chandigarh,2017-11-13
41,Samaira Ganesh,Male,1971-06-27,Bhopal,2024-01-10
42,Akarsh Kumer,Male,2005-09-16,Lucknow,2022-02-09
43,Pranay Brahmbhatt,Male,1997-04-02,Jaipur,2016-06-06
44,Neysa Doctor,Female,1972-04-24,Mumbai,2016-03-16
45,Jayan Divan,Female,1951-04-26,Kolkata,2020-02-03
46,Aarna Sani,Male,1973-11-08,Indore,2017-07-26
47,Jayant Comar,Female,1975-12-01,Chandigarh,2017-02-02
48,Nayantara Kaul,Male,1955-06-05,Coimbatore,2024-07-23
49,Emir Som,Male,1955-05-15,Chennai,2024-11-08
50,Yakshit Boase,Female,1985-05-10,Visakhapatnam,2023-02-10
51,Mannat Ram,Female,1967-10-29,Kolkata,2020-09-22
52,Yashvi Bajwa,Male,1969-11-26,Bengaluru,2024-12-04
53,Anika Balan,Female,1991-06-02,Indore,2020-05-04
54,Hunar Thakur,Female,1999-08-13,Chennai,2018-04-12
55,Sana Bobal,Female,1994-01-09,Kolkata,2016-09-20
56,Suhana Shere,Female,1954-12-27,Mumbai,2018-10-28
57,Riya Comar,Male,1987-11-05,Mumbai,2021-05-01
58,Sara Acharya,Female,1996-04-22,Bhopal,2018-02-09
59,Veer Chawla,Female,1998-10-24,Bhopal,2024-02-29
60,Adah Zacharia,Female,1958-05-06,Indore,2019-09-07
61,Amira Mann,Male,1970-09-24,Pune,2019-10-02
62,Navya Bhargava,Female,1959-01-18,Mumbai,2018-08-19
63,Shlok Bhatt,Male,1955-11-09,Bengaluru,2017-03-26
64,Neelofar Babu,Male,1964-10-25,Coimbatore,2024-07-18
65,Aarav Seshadri,Male,1971-08-15,Mumbai,2019-03-31
66,Navya Barman,Female,1951-06-10,Visakhapatnam,2019-04-13
67,Samar Dyal,Male,1978-08-27,Lucknow,2024-12-28
68,Miraya Bajwa,Female,1987-12-05,Kolkata,2016-10-28
69,Dhruv Shenoy,Female,1954-07-29,Lucknow,2023-04-16
70,Zaina Agate,Female,1996-03-27,Jaipur,2018-02-03
71,Tarini Saini,Male,1952-11-20,Jaipur,2023-04-08
72,Samaira Uppal,Male,1957-04-15,Chandigarh,2022-09-03
73,Indrans Raj,Female,1982-08-05,Chandigarh,2024-08-17
74,Fateh Goel,Female,1959-02-03,Visakhapatnam,2017-06-23
75,Shamik Kulkarni,Female,1989-05-06,Bengaluru,2024-02-05
76,Devansh Ramakrishnan,Male,2001-08-11,Kolkata,2020-08-22
77,Samiha Shan,Male,1973-02-09,Ahmedabad,2019-07-28
78,Anay Bajaj,Female,1975-11-02,Bhopal,2019-08-19
79,Rasha Contractor,Male,1988-06-09,Jaipur,2024-03-25
80,Krish Sandhu,Male,1990-03-14,Jaipur,2017-08-06
81,Nirvaan Dara,Female,1984-11-13,Coimbatore,2017-01-15
82,Rohan Hayer,Male,1961-04-03,Coimbatore,2020-02-28
83,Biju Kaul,Female,1981-05-06,Mumbai,2016-08-20
84,Sahil Jha,Male,1982-09-09,Visakhapatnam,2020-11-27
85,Ritvik Bhatnagar,Male,1979-10-09,Jaipur,2022-07-23
86,Mehul Dubey,Female,1966-12-09,Lucknow,2024-05-20
87,Kimaya Bera,Male,1969-07-19,Ahmedabad,2016-05-30
88,Kimaya Tandon,Female,1981-12-20,Bengaluru,2016-12-01
89,Sara Sabharwal,Female,1980-04-20,Indore,2023-07-08
90,Bhamini Dani,Male,2004-04-13,Chennai,2022-04-10
91,Rati Dixit,Male,1967-07-02,Chennai,2025-01-07
92,Jiya Luthra,Female,1961-08-03,Bengaluru,2017-11-15
93,Chirag Bera,Male,1989-01-29,Coimbatore,2016-07-31
94,Neelofar Tailor,Male,1950-11-07,Visakhapatnam,2021-10-27
95,Dhruv Bansal,Female,1972-01-11,Mumbai,2024-09-16
96,Vritika Sethi,Male,1952-08-09,Jaipur,2023-01-26
97,Vihaan Bumb,Female,1952-07-30,Delhi,2024-06-14
98,Emir Mammen,Male,1982-03-10,Chennai,2022-05-23
99,Adira Ratta,Female,1994-10-01,Bhopal,2018-07-22
100,Nishith Rastogi,Female,1968-06-07,Kolkata,2022-03-16
101,Priyansh Jayaraman,Female,1960-05-26,Ahmedabad,2019-08-10
102,Suhana Bansal,Male,1982-01-03,Bengaluru,2024-08-22
103,Dishani Lad,Male,1975-01-22,Chennai,2016-04-24
104,Samiha Sharma,Male,1999-05-26,Pune,2024-05-12
105,Adira Suresh,Male,1976-08-17,Lucknow,2020-04-10
106,Manikya Seshadri,Male,1979-06-29,Lucknow,2022-04-20
107,Nayantara Gulati,Male,1980-11-17,Hyderabad,2021-12-29
108,Drishya Gola,Male,1963-09-20,Bhopal,2020-08-14
109,Miraan Tripathi,Male,1970-03-18,Chennai,2016-10-28
110,Saira Keer,Male,1973-06-03,Indore,2022-08-25
111,Kaira Das,Female,1971-01-31,Coimbatore,2016-05-05
112,Rohan Borra,Male,1969-03-11,Bengaluru,2017-02-07
113,Bhamini Gupta,Female,1981-09-17,Delhi,2021-04-12
114,Neelofar Kurian,Male,1989-02-26,Chennai,2018-12-02
115,Anvi Sangha,Female,1983-06-07,Bhopal,2021-07-06
116,Rohan Khare,Female,1968-02-24,Chennai,2018-09-20
117,Taimur Raj,Female,1964-02-20,Visakhapatnam,2023-02-07
118,Anya Goswami,Male,1974-07-22,Chennai,2020-08-26
119,Hazel Barad,Female,1963-01-27,Bengaluru,2022-03-20
120,Jivin Dey,Female,1962-10-11,Pune,2019-06-07
121,Miraya Sharma,Female,1959-02-23,Kolkata,2020-03-13
122,Farhan Chandra,Male,2000-04-01,Coimbatore,2020-09-30
123,Mehul Devi,Male,1986-06-08,Chandigarh,2021-08-08
124,Kismat Bawa,Female,1985-12-31,Hyderabad,2021-07-15
125,Jhanvi Koshy,Female,1970-11-19,Bhopal,2020-02-12
126,Ivana Keer,Male,1963-07-17,Visakhapatnam,2019-01-29
127,Rhea Master,Male,1967-06-26,Chennai,2021-05-19
128,Heer Babu,Female,2008-02-07,Chennai,2022-04-20
129,Gokul Vala,Female,1968-10-31,Mumbai,2023-08-30
130,Madhav Joshi,Female,1963-05-08,Mumbai,2021-07-21
131,Stuvan Lall,Male,1971-11-15,Ahmedabad,2019-02-26
132,Shayak Setty,Male,1986-09-08,Coimbatore,2022-12-27
133,Nirvi Chopra,Male,2006-01-03,Ahmedabad,2016-03-16
134,Vihaan Ram,Male,1972-05-01,Hyderabad,2021-08-04
135,Diya Bajaj,Male,1980-05-16,Bengaluru,2020-02-15
136,Aarav Mallick,Female,2002-04-13,Mumbai,2017-01-10
137,Indranil Sandal,Female,2000-05-31,Ahmedabad,2023-03-18
138,Tushar Issac,Female,2000-12-20,Chennai,2022-11-30
139,Darshit Datta,Male,2001-12-12,Indore,2024-12-03
140,Miraya Bansal,Female,1987-07-04,Mumbai,2022-08-30
141,Zain Bail,Female,1978-09-21,Hyderabad,2022-12-30
142,Biju Bajaj,Female,1976-12-09,Delhi,2024-12-12
143,Vedika Borra,Female,1975-08-09,Delhi,2023-01-19
144,Nirvaan Tandon,Female,1987-10-21,Bhopal,2018-10-21
145,Aradhya Koshy,Male,1957-08-15,Mumbai,2016-04-24
146,Armaan Trivedi,Male,1979-03-26,Delhi,2022-08-20
147,Yuvraj  Sundaram,Male,1982-03-11,Hyderabad,2020-04-19
148,Veer Sagar,Female,1954-06-17,Bhopal,2020-06-17
149,Pihu Gala,Male,1950-06-19,Hyderabad,2023-09-07
150,Charvi Dey,Female,2003-10-19,Lucknow,2022-08-07
151,Reyansh Taneja,Male,1982-08-04,Jaipur,2020-10-20
152,Uthkarsh Dara,Male,1992-12-28,Hyderabad,2020-07-20
153,Sumer Varma,Male,1951-03-24,Coimbatore,2021-04-16
154,Heer Kant,Male,1969-04-04,Bengaluru,2016-04-08
155,Fateh Issac,Male,1953-11-03,Chandigarh,2020-01-30
156,Lavanya Tailor,Male,2007-07-16,Kolkata,2023-10-21
157,Pihu Srinivasan,Male,1992-03-18,Indore,2021-06-08
158,Aarna D’Alia,Male,1968-11-08,Lucknow,2021-01-04
159,Dishani Handa,Male,1989-10-10,Lucknow,2021-02-12
160,Chirag Mannan,Female,1979-06-03,Kolkata,2019-01-24
161,Bhamini D’Alia,Female,1984-01-16,Indore,2022-08-06
162,Aarna Soman,Female,1963-03-10,Chennai,2024-06-22
163,Ayesha Behl,Female,1953-12-12,Chennai,2016-02-27
164,Prerak Buch,Male,1998-06-17,Kolkata,2025-01-03
165,Indrajit Lall,Female,1987-05-20,Chandigarh,2017-11-07
166,Madhup Tripathi,Female,2001-03-12,Ahmedabad,2018-08-26
167,Nehmat Gupta,Male,1956-06-10,Indore,2023-05-21
168,Pranay Comar,Female,2007-01-14,Hyderabad,2021-11-08
169,Vanya Subramaniam,Male,1988-12-16,Lucknow,2020-05-14
170,Elakshi Raman,Male,1975-07-19,Bengaluru,2019-07-18
171,Khushi Arora,Female,1996-12-12,Jaipur,2018-06-10
172,Damini Kapadia,Female,1973-07-13,Mumbai,2023-09-07
173,Rohan Kulkarni,Male,1990-02-05,Indore,2019-09-11
174,Yakshit Toor,Male,1976-12-10,Indore,2016-03-01
175,Purab Sandhu,Female,1981-06-28,Pune,2023-09-27
176,Hiran Gulati,Female,1981-01-20,Mumbai,2016-10-21
177,Neelofar Ganesan,Female,1952-05-12,Coimbatore,2022-11-19
178,Sumer Zachariah,Male,1972-02-28,Lucknow,2023-09-09
179,Zain Sule,Female,1956-03-26,Chandigarh,2021-09-19
180,Anahi Dutta,Male,1980-03-02,Indore,2020-12-10
181,Sumer Dave,Male,1999-05-28,Indore,2021-04-20
182,Inaaya  Atwal,Male,1964-04-14,Delhi,2021-09-26
183,Saanvi Sastry,Male,1988-05-04,Indore,2019-08-10
184,Seher Dugal,Male,1973-01-02,Bhopal,2019-03-01
185,Mehul Seshadri,Female,1996-04-26,Delhi,2019-01-16
186,Devansh Kaur,Male,1985-05-13,Lucknow,2021-02-22
187,Madhup Dixit,Female,1983-03-31,Bhopal,2020-02-23
188,Suhana D’Alia,Female,1976-08-27,Chennai,2023-03-21
189,Arhaan Manne,Female,1968-10-07,Jaipur,2016-04-15
190,Adah Goel,Male,1971-09-26,Delhi,2019-02-28
191,Jayant Raju,Female,1994-02-22,Bengaluru,2020-11-01
192,Advika Kunda,Female,1959-01-07,Coimbatore,2016-09-06
193,Pranay Sunder,Male,1960-07-06,Hyderabad,2023-10-13
194,Adah Mallick,Male,1986-11-10,Pune,2020-11-20
195,Manikya Jayaraman,Female,1951-05-06,Chandigarh,2017-05-28
196,Tejas Saxena,Female,1974-11-19,Mumbai,2018-12-27
197,Seher Upadhyay,Female,1959-03-24,Jaipur,2024-03-30
198,Nakul Saraf,Male,1967-05-17,Jaipur,2019-09-25
199,Diya Bains,Male,1974-12-03,Bengaluru,2024-09-16
200,Siya Thaker,Male,1990-03-30,Indore,2016-09-08
201,Stuvan Bassi,Male,1961-05-29,Jaipur,2018-04-12
202,Suhana Arya,Female,1998-07-14,Coimbatore,2023-03-23
203,Gatik Srinivas,Male,1973-03-22,Lucknow,2017-07-06
204,Chirag Chanda,Male,1954-07-20,Kolkata,2018-03-09
205,Badal Soni,Female,1955-09-02,Hyderabad,2020-03-09
206,Ahana  Ratti,Male,1963-11-21,Pune,2021-02-03
207,Priyansh Jaggi,Female,2002-04-04,Indore,2020-06-21
208,Rohan Gola,Male,1954-11-29,Chennai,2017-02-02
209,Trisha Setty,Male,1974-06-24,Chandigarh,2021-12-06
210,Aradhya Rama,Female,1970-10-08,Pune,2021-01-14
211,Manjari Sankaran,Male,2001-09-22,Lucknow,2020-06-10
212,Divij Sundaram,Male,2008-01-05,Indore,2017-01-19
213,Ivana Kaur,Male,2005-09-20,Coimbatore,2017-10-25
214,Uthkarsh Choudhary,Male,1987-02-05,Visakhapatnam,2024-03-05
215,Hunar Reddy,Female,1972-10-11,Indore,2024-10-08
216,Armaan Karpe,Male,2001-11-02,Hyderabad,2017-08-27
217,Lagan Venkataraman,Female,1965-05-13,Bhopal,2020-12-29
218,Prerak Kannan,Female,1989-02-27,Visakhapatnam,2020-10-22
219,Mehul Wable,Male,1999-10-01,Visakhapatnam,2019-04-08
220,Reyansh Joshi,Male,1972-04-23,Delhi,2018-07-02
221,Kismat Srinivasan,Male,1963-06-16,Visakhapatnam,2021-03-12
222,Baiju Singhal,Male,1994-12-27,Kolkata,2017-02-05
223,Biju Bose,Female,1998-08-09,Coimbatore,2017-02-23
224,Samar Aggarwal,Male,1976-08-26,Chennai,2018-10-06
225,Lagan Bal,Female,1996-02-08,Coimbatore,2024-10-07
226,Seher Borah,Female,2003-10-05,Pune,2021-12-10
227,Elakshi Deol,Male,1993-10-02,Coimbatore,2020-04-13
228,Kiara Bandi,Male,1950-07-09,Chennai,2021-04-26
229,Damini Baria,Male,2004-12-03,Chandigarh,2016-07-18
230,Anika Chakrabarti,Female,1954-12-09,Kolkata,2024-11-04
231,Zoya Bedi,Male,1965-07-07,Delhi,2019-11-22
232,Hunar Tella,Female,1974-12-28,Visakhapatnam,2016-07-27
233,Eshani Shukla,Female,1959-03-06,Pune,2020-04-26
234,Kiara Wali,Female,1992-11-11,Chandigarh,2021-02-12
235,Saksham Khatri,Male,1953-01-21,Hyderabad,2022-07-29
236,Yuvraj  Dua,Female,1971-02-21,Indore,2024-02-01
237,Khushi Gaba,Female,1954-12-24,Mumbai,2018-08-08
238,Amira Kumar,Male,2005-05-21,Hyderabad,2017-12-21
239,Divij Vasa,Female,1967-05-14,Lucknow,2024-11-15
240,Oorja Ramesh,Female,1981-11-12,Pune,2024-04-13
241,Ahana  Kant,Male,1982-12-13,Kolkata,2020-07-08
242,Vidur Ranganathan,Male,2002-02-13,Kolkata,2020-04-09
243,Madhav Barman,Male,1999-09-21,Delhi,2018-02-22
244,Oorja Majumdar,Female,1979-04-27,Bhopal,2019-01-30
245,Mohanlal Kunda,Male,2008-01-20,Hyderabad,2024-06-18
246,Alia Bhatia,Female,1986-09-10,Pune,2023-08-06
247,Jiya Bera,Female,1999-04-15,Bengaluru,2022-05-21
248,Rati Arya,Female,1972-08-11,Lucknow,2018-03-21
249,Ojas Dewan,Male,1966-11-28,Chandigarh,2018-06-17
250,Dhruv Bath,Female,1981-01-30,Bhopal,2023-07-11
251,Faiyaz Ben,Female,1996-03-02,Jaipur,2024-01-19
252,Shayak Hari,Female,2006-02-23,Chandigarh,2020-08-23
253,Ayesha Karan,Female,1971-09-02,Pune,2024-12-09
254,Faiyaz Joshi,Female,2008-01-24,Bhopal,2023-07-01
255,Neysa Iyer,Male,1994-12-15,Jaipur,2024-01-20
256,Samiha Sastry,Female,1951-12-25,Chennai,2017-09-16
257,Bhamini Brahmbhatt,Female,1958-01-02,Chandigarh,2023-12-12
258,Vidur Ramaswamy,Male,1993-06-18,Chandigarh,2022-12-24
259,Manikya Chada,Female,1962-11-27,Lucknow,2016-07-06
260,Yasmin Kari,Male,1967-09-03,Kolkata,2023-09-01
261,Emir Iyengar,Female,1993-05-01,Delhi,2021-09-18
262,Navya Sachdeva,Female,1950-03-28,Chennai,2020-11-06
263,Anvi Lanka,Female,1961-08-16,Visakhapatnam,2018-08-25
264,Kimaya Bhat,Female,1958-02-24,Ahmedabad,2024-04-17
265,Onkar Uppal,Male,1955-09-21,Ahmedabad,2016-04-25
266,Chirag Wadhwa,Female,2006-11-29,Jaipur,2017-11-21
267,Arnav Swaminathan,Male,1982-03-16,Visakhapatnam,2021-02-27
268,Taran Kamdar,Male,1974-08-06,Chandigarh,2016-03-30
269,Miraan Wali,Female,1954-11-09,Delhi,2020-06-06
270,Renee Garde,Male,2000-03-21,Bengaluru,2018-04-18
271,Hiran Upadhyay,Female,1995-11-28,Chandigarh,2018-04-16
272,Vihaan Kata,Male,1991-07-30,Chennai,2016-06-18
273,Krish Kanda,Male,1961-06-19,Mumbai,2022-06-13
274,Lakshay Balan,Male,1992-01-08,Hyderabad,2018-08-14
275,Reyansh Kothari,Male,2001-04-27,Ahmedabad,2016-11-02
276,Gatik Bassi,Female,1999-11-14,Ahmedabad,2020-09-30
277,Yakshit Arora,Male,1973-11-26,Indore,2019-05-17
278,Hazel Tata,Female,1980-12-14,Bhopal,2019-07-29
279,Madhav Varughese,Female,1974-08-15,Ahmedabad,2020-06-04
280,Dharmajan Sethi,Male,1955-11-05,Chennai,2021-10-30
281,Nitara Tank,Male,1998-05-08,Chandigarh,2017-10-09
282,Nayantara Bains,Male,1999-01-13,Indore,2023-07-26
283,Pranay Kanda,Female,1977-05-30,Visakhapatnam,2024-05-07
284,Lakshay Lall,Male,1963-05-27,Chennai,2018-04-30
285,Vaibhav Lata,Female,2007-10-13,Visakhapatnam,2019-11-22
286,Rati Bhavsar,Male,1981-11-26,Hyderabad,2018-08-12
287,Faiyaz Bath,Male,1982-04-11,Indore,2020-04-19
288,Stuvan Sane,Male,1957-10-12,Ahmedabad,2021-07-11
289,Vedika Ahuja,Female,1953-12-30,Visakhapatnam,2022-03-05
290,Tushar Kashyap,Female,1954-08-29,Chandigarh,2019-08-24
291,Anvi Batta,Female,1953-01-24,Visakhapatnam,2018-03-20
292,Indranil Soman,Female,1965-02-15,Lucknow,2020-06-03
293,Gokul Chopra,Female,1968-02-16,Coimbatore,2023-04-09
294,Divij Basu,Male,2006-10-31,Indore,2018-09-23
295,Nirvi Sibal,Female,1983-10-04,Bhopal,2018-06-09
296,Priyansh Malhotra,Female,1977-02-19,Ahmedabad,2019-11-22
297,Mannat Shere,Male,1975-09-23,Visakhapatnam,2019-11-12
298,Zoya Ghose,Female,2004-03-01,Coimbatore,2018-06-28
299,Nirvaan Kari,Female,1993-06-29,Visakhapatnam,2024-07-05
300,Ivana Loyal,Male,1994-04-06,Chandigarh,2018-05-28
301,Inaaya  Majumdar,Female,1999-03-25,Delhi,2017-08-30
302,Hiran D’Alia,Female,1963-08-05,Bengaluru,2019-05-16
303,Samiha Chakrabarti,Female,1997-12-16,Chennai,2021-02-15
304,Hrishita Shroff,Female,1962-05-07,Pune,2023-11-27
305,Trisha Srinivasan,Male,1999-09-07,Indore,2019-04-11
306,Rania Kumer,Male,1981-04-06,Mumbai,2019-08-15
307,Darshit Atwal,Female,1967-08-12,Chennai,2019-06-13
308,Nakul Sachdeva,Male,1975-04-01,Bhopal,2019-12-05
309,Ishaan Subramanian,Male,2004-11-20,Bhopal,2016-05-11
310,Divyansh Kurian,Female,1959-06-11,Bengaluru,2016-03-14
311,Adira Bawa,Female,1952-08-10,Kolkata,2023-07-09
312,Priyansh Bhavsar,Female,2003-04-04,Jaipur,2017-01-29
313,Hridaan Sandal,Male,1969-08-07,Kolkata,2022-05-29
314,Jivika Kuruvilla,Female,1955-09-17,Chennai,2019-04-18
315,Mishti Gera,Male,1950-08-07,Kolkata,2019-09-03
316,Ira Bora,Female,2000-04-28,Coimbatore,2018-11-30
317,Tarini Sathe,Male,1989-04-12,Ahmedabad,2019-01-22
318,Mehul Hayre,Female,1974-06-09,Pune,2021-12-29
319,Nitara Devan,Female,1971-10-27,Visakhapatnam,2019-06-02
320,Mehul Barad,Female,1985-10-03,Coimbatore,2024-01-01
321,Shaan Solanki,Male,1981-01-11,Jaipur,2020-05-18
322,Jayant Chatterjee,Male,1983-07-15,Ahmedabad,2018-04-25
323,Taran Vaidya,Female,1971-01-01,Delhi,2019-01-26
324,Samar Manne,Male,1989-03-17,Ahmedabad,2018-01-16
325,Samaira Chadha,Female,2001-03-31,Kolkata,2020-11-04
326,Myra Kade,Female,1964-03-26,Chandigarh,2018-02-05
327,Myra Keer,Male,1993-04-26,Bhopal,2017-08-12
328,Oorja Dass,Female,1964-02-21,Coimbatore,2016-05-14
329,Kavya Mallick,Male,1976-06-10,Indore,2023-09-05
330,Aayush Tiwari,Male,1981-04-06,Lucknow,2023-06-19
331,Aarav Sathe,Female,1975-09-25,Indore,2016-12-05
332,Shanaya Kurian,Male,1966-06-04,Lucknow,2023-10-12
333,Raghav Dixit,Female,1965-11-08,Bengaluru,2019-01-03
334,Elakshi Taneja,Female,1981-08-17,Mumbai,2017-11-14
335,Arhaan Kalita,Male,1988-06-11,Mumbai,2023-03-10
336,Vritika Tella,Female,1973-12-02,Delhi,2021-06-18
337,Yasmin Bedi,Male,2007-06-23,Pune,2021-11-18
338,Ivana Dada,Female,1991-08-02,Ahmedabad,2016-10-04
339,Himmat Uppal,Female,1993-04-01,Pune,2019-07-28
340,Sara Jhaveri,Female,1955-02-22,Delhi,2020-08-24
341,Mahika Malhotra,Male,1972-12-11,Delhi,2019-01-31
342,Riaan Basak,Male,1995-12-23,Ahmedabad,2016-11-06
343,Anahita Chatterjee,Male,1953-07-18,Bhopal,2018-09-15
344,Siya Dewan,Male,1974-09-22,Pune,2023-04-09
345,Kiaan Sha,Male,1969-06-29,Chandigarh,2016-10-01
346,Rohan Mander,Male,1955-05-23,Visakhapatnam,2020-10-05
347,Ojas Rege,Male,1983-02-23,Visakhapatnam,2023-11-09
348,Darshit Kalita,Male,1978-08-31,Chennai,2020-06-08
349,Mahika Sagar,Male,1954-06-14,Coimbatore,2017-02-21
350,Nirvaan Wali,Male,1971-12-08,Lucknow,2024-06-09
351,Tejas Char,Male,1960-10-27,Chennai,2016-12-01
352,Hiran Bhat,Male,1974-01-13,Ahmedabad,2024-11-07
353,Hansh Vora,Male,1981-02-02,Lucknow,2020-08-08
354,Arnav Sane,Female,1994-01-03,Ahmedabad,2023-08-24
355,Sahil Dey,Female,2006-01-05,Visakhapatnam,2020-03-15
356,Hansh Lad,Male,2003-04-15,Mumbai,2018-05-04
357,Arhaan Mammen,Male,1982-08-15,Visakhapatnam,2023-05-20
358,Amira Mand,Male,1951-06-22,Delhi,2019-07-24
359,Indrajit Dass,Male,1979-12-24,Lucknow,2019-01-02
360,Hrishita Mandal,Female,1985-07-25,Indore,2024-04-26
361,Badal Johal,Female,1993-10-12,Lucknow,2022-12-19
362,Ishaan Agate,Male,1959-05-24,Kolkata,2018-06-03
363,Lakshit Upadhyay,Male,1993-01-10,Bengaluru,2019-02-20
364,Divit Dua,Female,1963-02-26,Bengaluru,2023-03-22
365,Abram Bobal,Male,1976-05-05,Coimbatore,2018-02-09
366,Rhea Walia,Male,1994-06-20,Visakhapatnam,2017-07-07
367,Ehsaan Contractor,Female,1977-09-16,Pune,2024-12-30
368,Dhanuk Sharaf,Female,1955-09-04,Chandigarh,2020-12-09
369,Anika Upadhyay,Female,1982-10-27,Bengaluru,2020-09-28
370,Devansh Gokhale,Female,1968-08-07,Hyderabad,2021-08-04
371,Neelofar Chada,Female,1979-05-04,Coimbatore,2017-01-07
372,Nishith Kota,Female,1997-05-16,Bengaluru,2017-05-20
373,Taran Sampath,Female,1999-05-09,Pune,2024-08-27
374,Aayush Bahri,Male,1954-05-16,Bhopal,2019-04-13
375,Jiya Taneja,Male,1974-05-15,Kolkata,2024-10-13
376,Saksham Sen,Female,1980-10-17,Bhopal,2019-08-24
377,Ivana Sur,Female,1978-12-08,Lucknow,2018-01-21
378,Ehsaan Kar,Female,1982-12-24,Ahmedabad,2019-04-23
379,Amani Keer,Female,1964-07-25,Coimbatore,2022-04-25
380,Kartik Khare,Male,1992-04-02,Pune,2022-11-27
381,Parinaaz Bali,Male,1970-08-20,Coimbatore,2023-05-12
382,Anahi Bhandari,Female,1994-07-19,Delhi,2020-08-10
383,Nirvaan Varkey,Female,1968-11-29,Chennai,2016-03-28
384,Riaan Ganguly,Female,1955-01-10,Lucknow,2022-05-03
385,Emir Chada,Male,1983-12-30,Pune,2018-04-16
386,Mehul Dar,Female,1977-12-26,Ahmedabad,2023-05-03
387,Eva Varma,Female,1989-05-06,Mumbai,2022-06-10
388,Gokul Kata,Female,1988-08-09,Chennai,2017-12-21
389,Rohan Madan,Female,1984-09-17,Visakhapatnam,2018-12-18
390,Vivaan Sule,Female,1977-01-18,Pune,2021-03-08
391,Ayesha Bhatia,Female,1965-01-08,Indore,2024-10-01
392,Ishaan Yohannan,Male,1989-10-23,Jaipur,2019-02-15
393,Nirvi Thaman,Male,1977-03-08,Jaipur,2017-01-10
394,Aayush Dalal,Male,1996-02-19,Bengaluru,2021-11-19
395,Divyansh Srivastava,Female,2002-11-27,Bhopal,2023-12-31
396,Nirvi Khalsa,Male,1954-09-09,Ahmedabad,2019-09-16
397,Amira Babu,Female,1960-11-12,Bhopal,2021-12-26
398,Amira Garde,Female,1985-03-31,Chandigarh,2016-07-27
399,Pari Keer,Male,1974-08-24,Ahmedabad,2018-03-09
400,Yashvi Barad,Female,1975-07-07,Bengaluru,2024-05-17
401,Jayesh Batra,Female,2001-02-17,Chennai,2016-04-06
402,Mishti Singhal,Male,1986-07-07,Bhopal,2024-06-13
403,Madhup Sarin,Female,1980-12-23,Delhi,2016-11-07
404,Zara Sibal,Female,1967-01-31,Ahmedabad,2022-08-04
405,Indrans Chand,Female,2003-06-03,Kolkata,2016-04-22
406,Rania Singhal,Female,2007-02-07,Pune,2024-06-22
407,Suhana Rajan,Female,1987-02-11,Delhi,2016-06-02
408,Kiaan Suri,Male,1985-02-23,Delhi,2025-01-15
409,Zaina Grewal,Male,2005-08-03,Bengaluru,2021-11-27
410,Ivan Boase,Male,1992-06-27,Pune,2023-10-31
411,Raunak Kant,Male,2004-10-26,Bhopal,2017-07-31
412,Biju Tailor,Male,1999-04-29,Chennai,2023-11-16
413,Lagan Krishnan,Female,1996-08-06,Bhopal,2023-11-23
414,Anahita Keer,Female,1961-09-13,Delhi,2018-07-03
415,Ivana Kothari,Male,1970-11-08,Bengaluru,2018-02-28
416,Reyansh Dada,Male,1964-11-30,Delhi,2022-08-04
417,Manjari Mani,Male,2005-02-13,Pune,2022-11-02
418,Ira Jain,Male,1973-08-22,Delhi,2017-07-08
419,Aarush Chopra,Male,1978-12-05,Bhopal,2019-01-23
420,Jivika Raj,Male,1977-04-03,Delhi,2019-03-18
421,Vritika Comar,Female,1971-06-10,Hyderabad,2021-02-12
422,Inaaya  Kala,Male,1963-09-07,Bhopal,2018-01-23
423,Umang Lall,Female,1982-10-19,Chandigarh,2021-07-09
424,Nitara Gandhi,Male,1964-01-22,Bengaluru,2017-11-26
425,Madhup Rattan,Female,1993-06-09,Lucknow,2018-05-12
426,Zeeshan Yadav,Female,1977-10-30,Ahmedabad,2024-06-26
427,Parinaaz Seth,Female,2004-03-23,Ahmedabad,2017-02-14
428,Akarsh Chad,Male,1988-03-10,Mumbai,2016-05-07
429,Taran Sachdeva,Female,1968-06-23,Delhi,2016-03-25
430,Aarna Venkataraman,Male,1958-03-08,Bengaluru,2019-11-10
431,Inaaya  Bhatia,Female,1987-11-17,Kolkata,2018-06-17
432,Reyansh Bobal,Male,1975-09-30,Bengaluru,2022-09-02
433,Ayesha Chana,Male,1954-09-16,Mumbai,2017-03-20
434,Ryan Saini,Female,1962-11-13,Visakhapatnam,2024-06-22
435,Onkar Gulati,Male,1987-08-23,Bengaluru,2017-01-15
436,Zeeshan Sodhi,Female,1973-12-16,Bengaluru,2019-02-23
437,Shanaya Mani,Male,1979-01-01,Lucknow,2024-09-06
438,Devansh Dasgupta,Female,1972-07-03,Visakhapatnam,2016-04-15
439,Shanaya Venkatesh,Female,1995-10-20,Ahmedabad,2016-04-17
440,Neysa Balakrishnan,Female,1965-10-25,Delhi,2021-05-11
441,Vivaan Gola,Male,1981-05-01,Delhi,2019-08-04
442,Vardaniya Vohra,Male,1996-11-17,Lucknow,2018-02-17
443,Shanaya Seshadri,Male,1992-03-27,Visakhapatnam,2018-06-21
444,Vidur Taneja,Male,1950-06-07,Chandigarh,2017-03-24
445,Nayantara Amble,Male,1958-08-17,Delhi,2021-04-26
446,Saanvi Boase,Male,1974-02-09,Mumbai,2023-01-29
447,Navya Hayre,Male,1986-04-08,Mumbai,2023-09-16
448,Anvi Ganguly,Male,1953-12-08,Mumbai,2022-01-29
449,Miraan Dada,Female,2001-03-15,Kolkata,2019-05-31
450,Anahita Singh,Female,1995-11-16,Bhopal,2019-04-29
451,Piya Vala,Male,1954-06-04,Delhi,2023-01-23
452,Manjari Borah,Female,1970-01-11,Chennai,2025-01-02
453,Shamik Ganguly,Female,1975-03-10,Bhopal,2020-08-04
454,Hrishita Thakkar,Female,1987-02-20,Bhopal,2020-01-09
455,Saanvi Swamy,Male,2003-03-21,Bengaluru,2023-10-26
456,Mehul Lal,Female,2006-12-24,Indore,2017-05-08
457,Arnav Devan,Male,1993-07-23,Visakhapatnam,2025-01-09
458,Hrishita Contractor,Male,1978-11-25,Kolkata,2017-06-07
459,Vedika Kalita,Male,1953-09-27,Jaipur,2020-12-16
460,Misha Sachdeva,Male,1998-02-28,Chandigarh,2024-03-24
461,Miraan Dixit,Female,2001-09-30,Indore,2022-07-21
462,Jiya Keer,Male,2002-05-23,Coimbatore,2020-04-21
463,Anahi Luthra,Male,1974-07-23,Bengaluru,2024-06-11
464,Nehmat Bhagat,Female,2002-08-19,Mumbai,2019-05-15
465,Ivana Balasubramanian,Female,1964-12-16,Lucknow,2024-03-10
466,Raghav Mani,Male,1954-04-24,Ahmedabad,2022-08-10
467,Vritika Konda,Female,1997-10-24,Ahmedabad,2017-12-30
468,Lavanya Kale,Female,1956-03-09,Bhopal,2020-03-02
469,Badal Mangat,Female,1983-01-03,Delhi,2024-09-22
470,Onkar Dube,Male,1952-09-12,Ahmedabad,2017-11-05
471,Riaan Dada,Male,1960-11-29,Lucknow,2020-04-28
472,Hansh Kaul,Female,2005-08-26,Indore,2022-08-12
473,Adah Virk,Female,1953-05-09,Bhopal,2018-05-04
474,Priyansh Chokshi,Female,2001-09-17,Lucknow,2018-01-25
475,Tanya Batra,Male,1970-02-20,Hyderabad,2023-02-19
476,Urvi Kunda,Male,1951-03-29,Chennai,2024-04-05
477,Samarth Sarna,Female,1992-05-14,Visakhapatnam,2024-03-27
478,Ritvik Jaggi,Male,1987-04-15,Lucknow,2022-07-07
479,Aarush Bail,Male,2003-03-09,Visakhapatnam,2024-01-28
480,Rohan Sunder,Female,2000-06-18,Ahmedabad,2024-04-12
481,Lakshay Balasubramanian,Female,1996-04-21,Indore,2017-06-27
482,Ishita Brar,Female,1996-06-23,Mumbai,2017-08-07
483,Ritvik Sani,Female,1987-01-25,Chandigarh,2021-05-09
484,Advika Mangat,Female,1959-11-25,Bengaluru,2018-01-08
485,Lagan Sachar,Female,1997-07-05,Pune,2020-11-25
486,Elakshi Dutt,Female,1975-06-10,Pune,2021-12-17
487,Lavanya Chaudhary,Male,1999-05-04,Chandigarh,2019-03-22
488,Reyansh Rau,Male,1967-10-21,Coimbatore,2020-02-06
489,Amira Chana,Female,2005-02-24,Pune,2018-02-21
490,Ritvik Lala,Female,1960-09-29,Bhopal,2019-05-29
491,Aniruddh Sood,Female,1967-10-06,Delhi,2022-11-04
492,Yuvraj  Gopal,Male,1991-05-20,Coimbatore,2017-07-11
493,Zaina Kalita,Male,1963-11-09,Ahmedabad,2020-11-19
494,Vihaan Taneja,Female,2002-12-02,Pune,2024-10-01
495,Inaaya  Datta,Male,1991-03-18,Pune,2020-01-23
496,Hrishita Sengupta,Female,1956-11-13,Visakhapatnam,2016-11-03
497,Shayak Dave,Male,1985-05-01,Coimbatore,2021-07-04
498,Veer Iyengar,Female,1951-02-12,Chandigarh,2017-05-12
499,Jayant Bhagat,Male,1963-12-27,Kolkata,2021-06-24
500,Vihaan Konda,Female,1976-12-20,Chennai,2016-06-23
501,Lakshay Kalita,Female,1951-04-22,Lucknow,2018-03-23
502,Charvi Mani,Female,1950-03-06,Chandigarh,2022-06-18
503,Pranay Chaudhari,Male,1972-03-22,Visakhapatnam,2024-08-27
504,Kartik Rajan,Female,1964-12-14,Chennai,2023-12-06
505,Mamooty Hora,Male,1973-02-09,Jaipur,2016-04-29
506,Nehmat Cheema,Female,1978-12-28,Indore,2017-02-24
507,Divit Shanker,Female,1988-04-15,Ahmedabad,2024-03-04
508,Baiju Varghese,Male,1960-12-28,Bengaluru,2021-05-09
509,Advik Karnik,Male,1981-07-17,Chandigarh,2016-09-13
510,Pranay Shah,Male,1971-02-03,Bhopal,2019-04-24
511,Neelofar Mander,Male,2006-06-23,Delhi,2021-06-03
512,Bhavin Gara,Female,1981-04-12,Jaipur,2020-11-21
513,Rasha Sampath,Male,2006-01-07,Bengaluru,2022-04-03
514,Hrishita Walla,Male,1972-07-24,Coimbatore,2021-11-16
515,Adira Sekhon,Male,1969-07-24,Ahmedabad,2021-01-25
516,Samar Kari,Male,1980-11-28,Chandigarh,2023-02-14
517,Gokul Wagle,Female,1973-10-07,Ahmedabad,2022-07-06
518,Mamooty Saini,Female,1967-12-15,Jaipur,2016-09-18
519,Parinaaz Raju,Female,1981-09-07,Kolkata,2018-09-02
520,Mannat Mander,Male,1987-07-31,Ahmedabad,2024-08-31
521,Indrajit Magar,Male,1994-10-22,Ahmedabad,2020-04-05
522,Vivaan De,Male,1970-11-09,Kolkata,2019-03-24
523,Jhanvi Ray,Male,2003-04-27,Indore,2018-01-04
524,Lakshay Kibe,Male,1995-05-02,Coimbatore,2024-01-17
525,Nitya Randhawa,Female,2003-03-03,Delhi,2019-12-08
526,Diya Golla,Female,1973-07-23,Pune,2017-02-27
527,Gokul Hegde,Male,1980-02-09,Coimbatore,2021-06-04
528,Priyansh Sarraf,Female,1985-01-06,Delhi,2023-06-08
529,Samiha Issac,Female,1961-01-16,Coimbatore,2021-03-08
530,Madhav Datta,Male,1997-10-15,Coimbatore,2024-09-05
531,Purab Roy,Female,1967-01-25,Ahmedabad,2019-11-13
532,Himmat Chadha,Female,1952-03-21,Pune,2024-08-14
533,Ivana Ghose,Female,1961-04-25,Jaipur,2017-10-21
534,Saanvi Lal,Female,1957-03-01,Ahmedabad,2019-12-03
535,Elakshi Lalla,Male,1961-12-14,Coimbatore,2018-07-13
536,Aaina Hari,Male,1951-06-13,Bhopal,2023-10-29
537,Ojas Madan,Female,1982-08-04,Lucknow,2017-02-16
538,Himmat Khosla,Female,1981-03-02,Chennai,2020-12-07
539,Reyansh Hans,Female,1984-12-12,Hyderabad,2021-08-06
540,Amira Sunder,Female,2000-02-29,Bhopal,2024-12-28
541,Indranil Sankaran,Female,1989-09-23,Bhopal,2020-07-28
542,Lakshit Gaba,Male,1969-11-05,Kolkata,2022-07-09
543,Mishti Shankar,Male,1951-06-12,Ahmedabad,2022-11-11
544,Jayesh Kamdar,Female,2007-02-01,Mumbai,2021-05-13
545,Adira Rana,Male,1996-11-12,Coimbatore,2019-09-07
546,Azad Mani,Female,1963-05-03,Coimbatore,2020-06-24
547,Shayak Shah,Female,1952-03-17,Bengaluru,2018-03-17
548,Alia Basak,Male,2004-11-30,Hyderabad,2017-04-08
549,Anvi Sagar,Male,1973-03-21,Kolkata,2016-08-16
550,Shanaya Dora,Female,1964-12-26,Bengaluru,2019-09-22
551,Aniruddh Grover,Female,1985-12-02,Visakhapatnam,2020-06-09
552,Myra Ranganathan,Female,1969-06-05,Pune,2017-05-06
553,Eva Kale,Male,1966-03-18,Chandigarh,2017-05-01
554,Hrishita Rege,Female,1969-10-07,Coimbatore,2024-10-04
555,Dhruv Bora,Female,1979-08-14,Coimbatore,2018-08-30
556,Ishita Chaudhari,Female,2003-07-09,Pune,2023-05-16
557,Hrishita Kashyap,Male,1993-02-22,Coimbatore,2021-08-23
558,Urvi Soni,Male,1991-07-17,Lucknow,2017-02-20
559,Khushi Dar,Female,1984-06-20,Chennai,2017-08-30
560,Suhana Gandhi,Male,1991-01-02,Chennai,2023-04-28
561,Prisha Badami,Male,2002-08-18,Kolkata,2021-02-06
562,Renee Deep,Male,1993-10-01,Visakhapatnam,2016-07-14
563,Aarush Gill,Male,1958-03-15,Ahmedabad,2016-10-04
564,Divij Raman,Female,1968-12-16,Bhopal,2017-07-04
565,Nayantara Kurian,Male,1961-06-19,Indore,2024-06-06
566,Drishya Jha,Female,1968-05-06,Hyderabad,2020-11-18
567,Kiara Maharaj,Male,2001-12-03,Visakhapatnam,2020-04-18
568,Nakul Loyal,Female,1987-12-07,Delhi,2024-05-16
569,Shray Choudhary,Female,1973-01-09,Pune,2023-05-17
570,Zaina Gupta,Male,1950-11-25,Mumbai,2018-09-25
571,Inaaya  Bhatia,Female,1967-04-30,Jaipur,2023-03-28
572,Mahika Garde,Male,1965-01-29,Lucknow,2023-03-09
573,Damini Baral,Male,1962-04-20,Mumbai,2018-11-18
574,Krish Sankar,Female,1960-03-28,Bengaluru,2016-08-03
575,Ranbir Chopra,Male,1978-09-22,Lucknow,2018-10-03
576,Kiara Loke,Male,1963-01-29,Ahmedabad,2020-11-16
577,Purab Manne,Female,1982-12-12,Chennai,2022-05-22
578,Tiya Gade,Female,2003-04-29,Chandigarh,2022-03-25
579,Kavya Barad,Female,1984-02-09,Ahmedabad,2017-09-11
580,Sahil Acharya,Male,1969-08-21,Chandigarh,2018-05-17
581,Purab Chatterjee,Female,1962-07-09,Indore,2023-12-03
582,Advik Khanna,Female,1977-08-08,Indore,2019-07-27
583,Adah Khurana,Male,2005-06-15,Chandigarh,2024-11-07
584,Priyansh Choudhury,Female,1997-04-16,Bengaluru,2017-12-20
585,Suhana Upadhyay,Female,1987-02-26,Pune,2023-08-11
586,Zara Butala,Female,1986-02-28,Chandigarh,2018-05-02
587,Neelofar Som,Female,1994-02-14,Bhopal,2024-08-23
588,Lakshit Krish,Female,2003-06-19,Ahmedabad,2019-06-02
589,Tanya Rajagopal,Female,2006-03-10,Chennai,2023-09-01
590,Shlok Tandon,Female,2007-01-27,Coimbatore,2019-01-26
591,Madhup Gopal,Male,1994-04-24,Bengaluru,2019-04-13
592,Madhav Ravel,Female,1973-06-13,Kolkata,2022-10-31
593,Raghav Mander,Female,1989-05-09,Lucknow,2016-08-19
594,Kaira Contractor,Female,1971-04-04,Bhopal,2023-03-04
595,Umang Kunda,Female,1959-04-27,Hyderabad,2022-06-26
596,Anya Choudhary,Male,1957-01-04,Delhi,2023-04-02
597,Neelofar Solanki,Male,1989-02-11,Lucknow,2021-04-21
598,Vihaan Das,Female,1964-07-05,Indore,2022-02-13
599,Ishaan Master,Female,1988-09-13,Coimbatore,2023-03-23
600,Yakshit Bahl,Male,1951-11-01,Visakhapatnam,2017-06-10
601,Rasha Jhaveri,Female,1982-04-15,Lucknow,2017-05-22
602,Adira Kant,Male,1956-10-12,Chennai,2017-11-04
603,Jayant Kohli,Female,1972-08-05,Lucknow,2018-02-19
604,Tushar Bora,Male,1954-07-18,Chandigarh,2021-05-09
605,Chirag Baral,Male,1956-02-20,Chandigarh,2020-10-01
606,Hunar Sethi,Male,1978-09-16,Indore,2019-08-06
607,Chirag Madan,Female,1952-03-25,Delhi,2021-11-23
608,Neysa Kari,Female,1970-10-03,Hyderabad,2021-10-06
609,Saira Gupta,Male,1995-09-16,Bhopal,2020-10-01
610,Romil Sabharwal,Female,2007-06-17,Bengaluru,2017-06-12
611,Seher Sharaf,Female,1986-03-15,Pune,2019-12-13
612,Rhea Swaminathan,Male,1995-08-28,Mumbai,2016-09-23
613,Hunar Kakar,Female,1964-04-21,Mumbai,2020-11-21
614,Ojas Chana,Female,1960-10-14,Jaipur,2021-10-06
615,Lakshit Dhawan,Male,1972-04-27,Coimbatore,2022-10-18
616,Pihu Ramaswamy,Female,2002-06-02,Delhi,2019-07-02
617,Hazel Ratta,Female,1969-06-14,Visakhapatnam,2020-05-22
618,Kartik Bobal,Female,1993-05-19,Bhopal,2024-12-19
619,Jiya Ahluwalia,Male,1985-02-23,Visakhapatnam,2023-03-16
620,Divyansh Edwin,Male,1988-04-10,Ahmedabad,2019-11-24
621,Lagan Ram,Male,1976-02-04,Mumbai,2021-04-21
622,Elakshi Karpe,Female,1969-11-18,Coimbatore,2022-08-06
623,Himmat Bhakta,Female,1976-03-31,Coimbatore,2022-04-05
624,Nishith Dash,Female,1992-04-16,Bengaluru,2021-07-20
625,Alia Contractor,Female,1981-01-27,Hyderabad,2019-03-12
626,Shaan Goda,Male,2002-11-23,Jaipur,2020-04-10
627,Hiran Bawa,Female,1987-01-28,Ahmedabad,2017-07-27
628,Sana Roy,Female,1950-08-05,Chandigarh,2024-06-17
629,Shalv Bahl,Female,1964-06-24,Lucknow,2021-04-29
630,Advika Deo,Female,2005-04-03,Coimbatore,2018-07-11
631,Renee Kashyap,Male,1994-07-11,Bengaluru,2018-05-15
632,Heer Kothari,Male,1962-02-04,Ahmedabad,2019-01-06
633,Hridaan Ramesh,Female,1961-08-17,Lucknow,2022-04-26
634,Lagan Saran,Male,1959-08-05,Indore,2021-07-31
635,Rhea Karnik,Male,1996-06-14,Chandigarh,2016-05-20
636,Lavanya Tara,Female,1961-04-01,Chandigarh,2017-12-30
637,Reyansh Madan,Female,1961-04-01,Indore,2020-05-24
638,Mohanlal Vaidya,Female,1983-06-04,Chandigarh,2019-01-10
639,Ivana Butala,Male,1953-11-14,Bengaluru,2018-12-11
640,Kiaan Behl,Male,1995-12-28,Hyderabad,2017-11-28
641,Ryan Shere,Female,1975-05-09,Delhi,2018-07-29
642,Priyansh Vyas,Male,1994-11-23,Bengaluru,2022-05-10
643,Jiya Bains,Male,2007-01-27,Chennai,2022-03-17
644,Nehmat Choudhary,Female,1959-10-21,Kolkata,2021-09-30
645,Yashvi Kala,Female,1994-06-11,Pune,2023-04-08
646,Shanaya Acharya,Male,2006-12-02,Lucknow,2025-02-19
647,Charvi Rege,Female,2001-11-04,Indore,2022-07-25
648,Adah Ramachandran,Male,1990-12-26,Chandigarh,2017-04-10
649,Lagan Tella,Female,1964-10-20,Coimbatore,2018-04-09
650,Purab Mallick,Female,1987-02-10,Lucknow,2020-08-09
651,Gatik Cheema,Male,2005-02-15,Delhi,2020-11-30
652,Riya Ram,Female,1969-04-18,Bhopal,2019-03-15
653,Mannat Anne,Female,1970-04-02,Chennai,2018-06-09
654,Devansh Zacharia,Male,1982-06-07,Ahmedabad,2019-07-22
655,Krish Rastogi,Female,2008-01-19,Coimbatore,2020-07-26
656,Manikya Chakraborty,Female,1963-01-18,Bengaluru,2023-02-16
657,Ehsaan Iyer,Female,1954-07-23,Jaipur,2018-10-03
658,Stuvan Grewal,Female,1951-11-27,Hyderabad,2018-04-18
659,Anika Subramanian,Male,1999-05-12,Delhi,2021-07-20
660,Emir Bahri,Female,1972-07-25,Bengaluru,2024-05-11
661,Alia Tiwari,Male,1993-04-11,Bengaluru,2023-01-30
662,Rohan Bawa,Male,1996-11-11,Chandigarh,2024-08-24
663,Ishaan Ratti,Female,1964-03-08,Hyderabad,2019-04-17
664,Aarna Sachar,Male,1977-04-19,Chennai,2022-06-18
665,Vivaan Iyer,Male,1988-07-12,Visakhapatnam,2021-03-05
666,Oorja Deo,Male,1962-08-06,Bengaluru,2020-06-22
667,Nirvi Shah,Male,1951-10-01,Lucknow,2024-07-16
668,Pranay Chokshi,Male,2005-07-23,Coimbatore,2021-02-23
669,Advik Ganesh,Male,1984-04-16,Pune,2025-01-22
670,Divij Kuruvilla,Male,1991-04-13,Visakhapatnam,2016-03-07
671,Onkar Shenoy,Male,1952-08-01,Delhi,2023-07-30
672,Elakshi Dani,Female,1992-10-06,Mumbai,2019-03-02
673,Adira Chaudhari,Male,1962-11-01,Visakhapatnam,2022-01-04
674,Romil Trivedi,Male,1957-11-13,Bengaluru,2023-10-26
675,Shanaya Dara,Male,1968-06-14,Mumbai,2020-08-14
676,Arhaan Dasgupta,Male,1959-12-23,Pune,2018-07-12
677,Kiara Doctor,Female,1951-05-06,Lucknow,2019-09-24
678,Neysa Das,Male,1957-01-28,Hyderabad,2017-07-06
679,Bhamini Dhingra,Male,1957-05-31,Delhi,2020-12-31
680,Rania Agrawal,Female,1994-08-01,Mumbai,2024-02-06
681,Ojas Kara,Male,1954-04-28,Jaipur,2019-01-05
682,Aniruddh Bedi,Male,1964-05-05,Bhopal,2021-03-07
683,Miraya Borde,Female,1980-09-02,Ahmedabad,2019-01-25
684,Uthkarsh Din,Female,1958-12-30,Visakhapatnam,2021-06-16
685,Miraya Apte,Male,2004-11-26,Jaipur,2022-07-04
686,Samiha Gokhale,Male,1994-07-26,Ahmedabad,2020-04-17
687,Aaryahi Yohannan,Male,2005-03-17,Lucknow,2017-04-11
688,Mishti Baral,Female,1963-05-20,Bhopal,2024-11-16
689,Sahil Jani,Male,1968-07-11,Ahmedabad,2018-02-06
690,Kabir Dhar,Female,2007-06-19,Hyderabad,2024-11-07
691,Shray Bhagat,Female,1970-12-14,Coimbatore,2017-10-05
692,Trisha Varghese,Male,1984-10-27,Kolkata,2025-01-31
693,Rasha Khosla,Female,1993-07-11,Ahmedabad,2016-02-26
694,Reyansh Wali,Male,1971-12-31,Bengaluru,2022-04-29
695,Badal Das,Male,1990-08-20,Pune,2023-09-14
696,Gatik Bedi,Male,1971-08-09,Bengaluru,2024-03-22
697,Nehmat Kara,Female,1964-04-24,Delhi,2021-08-16
698,Yasmin Bhatnagar,Female,1953-01-27,Kolkata,2022-11-15
699,Neysa Sundaram,Female,1970-07-13,Ahmedabad,2024-12-02
700,Shray Batta,Male,1980-12-18,Bengaluru,2018-11-06
701,Misha Bose,Male,2004-04-08,Coimbatore,2018-12-04
702,Hrishita Dora,Female,1962-01-15,Kolkata,2022-05-29
703,Akarsh Karnik,Male,1955-05-30,Indore,2023-12-20
704,Gatik Badal,Female,2003-12-17,Kolkata,2023-06-18
705,Badal Sane,Female,2005-11-13,Coimbatore,2020-05-19
706,Nehmat Tara,Female,1986-02-04,Kolkata,2017-10-17
707,Hrishita Saxena,Male,1957-11-13,Bhopal,2024-05-21
708,Raghav Sharaf,Female,2007-09-03,Pune,2020-12-28
709,Kaira Yohannan,Female,1971-07-29,Pune,2019-10-08
710,Nitya Din,Male,2003-03-14,Pune,2025-02-07
711,Shamik Chandran,Female,1965-10-11,Chandigarh,2019-07-29
712,Samaira Tata,Male,2002-10-25,Bengaluru,2021-01-22
713,Manikya Zacharia,Male,1996-05-06,Coimbatore,2019-10-17
714,Krish Andra,Female,1996-08-11,Bengaluru,2017-05-05
715,Rhea Zachariah,Female,1971-06-14,Bengaluru,2018-07-18
716,Miraya Saha,Male,2007-01-06,Visakhapatnam,2017-02-12
717,Azad Doshi,Male,1989-04-01,Jaipur,2019-06-30
718,Anaya Contractor,Female,1952-11-02,Lucknow,2020-10-23
719,Rhea Bhandari,Male,1998-01-03,Chandigarh,2022-07-19
720,Raunak Swamy,Female,2006-07-12,Kolkata,2021-05-10
721,Elakshi Mandal,Female,1980-11-28,Coimbatore,2024-09-20
722,Adira Chauhan,Male,1962-01-18,Coimbatore,2019-09-29
723,Ryan Sarkar,Female,1989-01-09,Delhi,2016-11-14
724,Sumer Kapur,Male,1965-06-05,Pune,2025-02-13
725,Tanya Zachariah,Male,1991-02-10,Lucknow,2023-07-14
726,Ivana Bansal,Female,1975-04-17,Mumbai,2018-08-13
727,Piya Shetty,Male,1969-10-08,Chennai,2023-01-30
728,Vihaan Buch,Female,1951-12-04,Pune,2022-04-17
729,Bhamini Deo,Female,1975-05-11,Bengaluru,2020-01-16
730,Indrajit Tara,Male,1997-01-15,Lucknow,2023-09-11
731,Samar Malhotra,Female,1974-02-27,Visakhapatnam,2022-12-30
732,Divyansh Anand,Male,1966-09-04,Coimbatore,2020-12-13
733,Urvi Madan,Female,1975-03-21,Lucknow,2021-05-02
734,Hazel Hans,Male,1958-07-07,Hyderabad,2021-05-11
735,Arhaan Sandal,Female,2006-01-02,Delhi,2021-04-16
736,Divit Devi,Female,1973-05-08,Indore,2023-07-13
737,Divij Bhargava,Male,1973-01-25,Pune,2019-12-21
738,Alisha Vyas,Male,1968-12-02,Mumbai,2021-11-17
739,Badal Bajaj,Female,1995-01-22,Lucknow,2024-09-29
740,Krish Gopal,Male,2002-08-14,Bengaluru,2019-07-22
741,Kavya Iyengar,Male,1966-06-25,Bhopal,2021-05-26
742,Aarna Brahmbhatt,Male,1994-02-21,Bengaluru,2020-02-12
743,Nakul Jain,Female,1965-03-20,Kolkata,2024-06-30
744,Siya Sandal,Female,1976-03-13,Ahmedabad,2017-02-18
745,Khushi Chacko,Female,2004-06-02,Mumbai,2021-08-25
746,Sara Bhattacharyya,Female,1972-01-07,Delhi,2020-10-25
747,Samar Saha,Male,1998-03-18,Visakhapatnam,2022-09-27
748,Romil Sekhon,Male,1976-10-19,Indore,2023-07-21
749,Tara Goda,Male,1999-01-26,Mumbai,2021-01-17
750,Hrishita Bhatia,Male,1989-05-24,Visakhapatnam,2024-05-27
751,Damini Zacharia,Male,1994-09-22,Chandigarh,2016-10-22
752,Hansh Sachdev,Female,1990-07-10,Delhi,2022-07-08
753,Zain Dara,Female,1988-06-18,Chandigarh,2016-06-27
754,Hridaan Rau,Female,2006-04-27,Ahmedabad,2017-08-10
755,Stuvan Khatri,Female,1953-07-22,Kolkata,2023-10-20
756,Eva Chakraborty,Male,1979-02-07,Chennai,2024-08-31
757,Divyansh Suri,Female,1969-12-19,Pune,2017-05-29
758,Aarush Sangha,Female,1988-05-25,Bengaluru,2017-05-30
759,Lakshit Shenoy,Female,1970-09-25,Chandigarh,2017-11-10
760,Vidur Apte,Female,1999-08-04,Jaipur,2021-09-08
761,Anahita Joshi,Male,1962-08-18,Hyderabad,2023-07-21
762,Yuvaan Varty,Male,1965-10-23,Kolkata,2018-09-13
763,Nishith Krishnan,Male,1961-03-05,Hyderabad,2016-07-27
764,Aayush Thaman,Male,2005-01-02,Delhi,2021-11-14
765,Divij Chandran,Male,1980-09-17,Visakhapatnam,2024-07-07
766,Dhanush Gade,Female,1967-05-13,Visakhapatnam,2016-07-11
767,Mehul Bedi,Female,1995-05-14,Delhi,2016-11-04
768,Zaina Batra,Male,1993-01-20,Bengaluru,2016-07-11
769,Bhamini Golla,Female,2000-11-19,Ahmedabad,2018-04-16
770,Shamik Shah,Male,1963-08-05,Mumbai,2021-09-08
771,Aarav Talwar,Male,1990-07-20,Kolkata,2018-02-03
772,Khushi Arora,Female,1981-11-10,Jaipur,2023-03-09
773,Jayant Sem,Female,1962-09-28,Bengaluru,2019-04-01
774,Yuvaan Brahmbhatt,Male,1979-07-22,Coimbatore,2020-03-12
775,Himmat Taneja,Male,1988-01-12,Kolkata,2022-04-18
776,Alisha Dhar,Male,1956-09-10,Ahmedabad,2022-05-10
777,Onkar Yadav,Female,1980-01-18,Coimbatore,2020-07-19
778,Charvi Garg,Female,1989-03-12,Lucknow,2018-05-10
779,Inaaya  Karan,Female,1984-03-07,Lucknow,2020-12-13
780,Tara Tata,Female,2005-11-01,Bhopal,2023-08-21
781,Samaira Dubey,Male,1981-08-13,Delhi,2018-10-15
782,Taimur Kari,Male,1996-05-25,Kolkata,2021-08-08
783,Kanav Dugal,Male,1981-09-13,Pune,2023-06-21
784,Ehsaan Majumdar,Female,1967-10-28,Visakhapatnam,2023-10-19
785,Dharmajan Joshi,Female,1959-04-28,Coimbatore,2023-07-10
786,Mehul Varty,Female,1981-04-27,Bengaluru,2024-06-18
787,Rania Barad,Male,1982-08-09,Coimbatore,2019-05-11
788,Prisha Majumdar,Female,2002-08-15,Chennai,2017-04-21
789,Damini Deshmukh,Female,1973-01-17,Lucknow,2023-12-06
790,Sahil Bhasin,Male,1968-07-07,Jaipur,2017-02-01
791,Dharmajan Varma,Female,1980-01-10,Kolkata,2023-09-04
792,Samar Bandi,Female,1977-12-23,Bhopal,2023-02-17
793,Kabir Bhattacharyya,Female,1951-01-16,Chennai,2024-05-26
794,Ela Viswanathan,Male,1975-04-20,Visakhapatnam,2019-05-15
795,Jayant Thaman,Male,1957-04-19,Bengaluru,2017-07-28
796,Hrishita Ganguly,Male,1979-04-18,Jaipur,2023-10-31
797,Aniruddh Deo,Female,1986-09-26,Indore,2023-01-28
798,Nirvi Hegde,Male,1965-11-06,Pune,2017-06-07
799,Prerak Mane,Male,2004-08-17,Chennai,2023-07-26
800,Vritika Buch,Female,2000-06-26,Mumbai,2024-04-17
801,Aayush Kuruvilla,Male,1953-10-12,Chennai,2017-01-11
802,Shray Baria,Male,1969-10-09,Lucknow,2023-06-06
803,Ehsaan Gupta,Male,2005-10-19,Visakhapatnam,2021-11-10
804,Khushi Dayal,Female,1993-07-28,Mumbai,2024-09-04
805,Romil Arya,Female,1969-09-09,Ahmedabad,2023-01-29
806,Siya Gade,Female,1999-11-29,Chandigarh,2022-11-09
807,Umang Iyengar,Female,1954-06-05,Coimbatore,2024-06-27
808,Tushar Bhandari,Female,1998-07-23,Mumbai,2022-04-04
809,Lagan Balakrishnan,Female,1971-05-21,Bengaluru,2018-07-04
810,Jayant Bassi,Female,1959-05-10,Ahmedabad,2022-01-19
811,Dhanuk Deol,Female,1975-01-08,Visakhapatnam,2023-02-09
812,Emir Mangal,Male,1965-08-09,Lucknow,2018-05-22
813,Jayesh Arora,Male,1969-04-07,Pune,2023-09-15
814,Gokul Agrawal,Female,1979-04-15,Delhi,2019-12-04
815,Samar Bora,Male,2003-03-17,Ahmedabad,2018-03-14
816,Divit Uppal,Female,1993-05-28,Hyderabad,2019-08-24
817,Vihaan Bhandari,Female,1997-05-27,Coimbatore,2023-12-03
818,Prerak Sankaran,Male,2004-07-20,Bengaluru,2021-08-14
819,Zara Sen,Female,1978-07-20,Lucknow,2021-10-03
820,Ayesha Barad,Male,1974-03-19,Ahmedabad,2020-01-11
821,Aarush Dhaliwal,Male,1989-04-28,Ahmedabad,2019-12-29
822,Jhanvi Brar,Female,1992-04-12,Pune,2024-07-20
823,Miraya Krish,Male,1982-04-04,Jaipur,2020-04-19
824,Heer Chandra,Female,2004-08-10,Hyderabad,2023-09-18
825,Stuvan Issac,Female,1955-07-04,Bengaluru,2023-09-06
826,Alia Barman,Male,1980-11-01,Bhopal,2018-10-03
827,Aradhya Wagle,Male,2007-04-28,Jaipur,2018-07-16
828,Nishith Warrior,Male,1955-12-24,Hyderabad,2024-02-20
829,Himmat Varghese,Female,1969-12-02,Bhopal,2017-04-27
830,Zain Sachar,Male,1987-05-05,Ahmedabad,2021-11-03
831,Hridaan Chakrabarti,Female,1960-10-17,Pune,2023-04-23
832,Jayant Maharaj,Female,2008-02-06,Indore,2017-05-06
833,Manikya Gill,Female,1964-03-20,Kolkata,2017-09-12
834,Kabir Sachar,Female,1980-04-07,Visakhapatnam,2021-05-23
835,Mahika Arora,Male,1993-11-20,Chandigarh,2023-09-20
836,Yuvaan Varty,Female,1979-12-08,Visakhapatnam,2025-02-13
837,Riaan Shukla,Female,1954-12-09,Bengaluru,2024-08-03
838,Lakshit Sahni,Female,2001-02-21,Bengaluru,2017-08-15
839,Alisha Din,Female,2001-02-10,Delhi,2021-06-24
840,Yashvi Trivedi,Male,1994-05-31,Bhopal,2022-07-28
841,Elakshi Ahuja,Male,1982-06-29,Pune,2023-06-02
842,Nehmat Sunder,Male,1963-08-27,Lucknow,2021-09-05
843,Tarini Acharya,Female,1954-07-06,Indore,2018-02-04
844,Pari Zachariah,Female,1965-05-28,Delhi,2018-12-13
845,Hrishita Sekhon,Male,1985-01-14,Mumbai,2020-10-05
846,Jayant Manda,Female,1988-04-18,Delhi,2020-11-11
847,Sumer Butala,Female,1985-08-31,Chandigarh,2016-09-27
848,Devansh Uppal,Male,1958-03-05,Coimbatore,2024-02-03
849,Drishya Banik,Male,1985-09-02,Chandigarh,2022-01-14
850,Purab Gade,Female,1972-11-02,Chandigarh,2018-08-25
851,Anaya Saraf,Female,1990-08-03,Jaipur,2018-01-07
852,Vardaniya Hora,Female,1952-03-10,Hyderabad,2021-05-30
853,Riya Sandhu,Male,1995-10-30,Delhi,2017-05-06
854,Taimur Chauhan,Female,1954-11-13,Chennai,2016-09-15
855,Samarth Chahal,Female,1952-07-31,Visakhapatnam,2022-11-24
856,Seher Badami,Male,1987-01-22,Chennai,2023-07-26
857,Samar Soni,Male,1992-05-16,Mumbai,2017-07-20
858,Aarav Char,Female,1985-02-24,Bengaluru,2024-05-25
859,Mannat Iyengar,Male,2004-12-22,Coimbatore,2023-02-06
860,Vihaan Dave,Male,1978-05-24,Jaipur,2019-10-28
861,Darshit Batta,Female,1988-01-29,Chandigarh,2018-02-28
862,Jayant Ganesan,Male,1951-04-29,Indore,2024-02-27
863,Badal Kadakia,Female,1988-06-16,Lucknow,2018-07-27
864,Gatik Saini,Male,1966-11-13,Mumbai,2017-12-05
865,Urvi Sachar,Male,1997-09-08,Mumbai,2022-10-17
866,Divyansh Kari,Female,1969-02-13,Bhopal,2020-10-10
867,Inaaya  Gupta,Female,1999-09-18,Hyderabad,2024-05-18
868,Ranbir Dubey,Male,1987-12-24,Pune,2024-04-14
869,Jayesh Hari,Female,1975-08-21,Ahmedabad,2024-03-29
870,Rasha Sachdeva,Female,1996-08-09,Visakhapatnam,2023-02-10
871,Ranbir Kumar,Male,1952-08-28,Chennai,2023-12-19
872,Ishaan Walia,Female,1981-02-24,Delhi,2020-07-20
873,Ritvik Khare,Male,1996-01-09,Indore,2023-09-24
874,Yashvi Biswas,Female,1998-09-14,Pune,2020-04-21
875,Sara Rao,Female,1963-09-07,Ahmedabad,2018-08-13
876,Lakshit Wagle,Female,2002-01-22,Visakhapatnam,2023-11-05
877,Farhan Vasa,Female,1975-11-16,Jaipur,2018-09-09
878,Nehmat Tara,Male,1979-12-31,Mumbai,2024-11-28
879,Tiya Rastogi,Male,1956-08-03,Visakhapatnam,2025-02-12
880,Prisha Ram,Female,1960-04-12,Coimbatore,2023-01-26
881,Sumer Cheema,Female,1973-06-22,Hyderabad,2018-07-19
882,Adah Sharma,Female,1982-06-26,Coimbatore,2021-05-27
883,Sumer Bakshi,Male,1970-07-22,Jaipur,2016-09-11
884,Shray Sandhu,Male,1961-07-16,Bhopal,2024-07-05
885,Damini Srivastava,Male,1988-06-19,Delhi,2023-03-12
886,Samar Kunda,Male,1983-12-17,Visakhapatnam,2020-03-12
887,Ivan Joshi,Female,1962-05-22,Delhi,2019-10-14
888,Lakshit Sachdeva,Male,1974-06-30,Indore,2018-03-06
889,Adah Lad,Female,1987-07-06,Coimbatore,2016-06-11
890,Divit Gara,Male,1959-02-25,Bengaluru,2023-11-08
891,Prisha Bail,Female,1995-07-14,Coimbatore,2024-01-19
892,Khushi Grover,Female,1957-01-10,Indore,2019-01-10
893,Akarsh Gulati,Male,2006-12-18,Indore,2019-04-15
894,Tara Warrior,Male,1973-06-04,Kolkata,2016-06-24
895,Siya Kanda,Female,1969-10-15,Kolkata,2020-08-04
896,Shray Shenoy,Female,1982-12-28,Chennai,2016-06-23
897,Raunak Zacharia,Female,1998-09-19,Bengaluru,2020-06-03
898,Kanav Gaba,Male,1952-12-27,Chennai,2017-10-12
899,Azad Magar,Male,1954-12-13,Pune,2020-04-09
900,Reyansh Srinivasan,Female,1979-09-22,Coimbatore,2022-03-22
901,Kartik Das,Male,2002-09-13,Visakhapatnam,2017-11-15
902,Arnav Chand,Male,1973-04-11,Mumbai,2020-08-23
903,Tiya Varghese,Female,1950-06-26,Delhi,2022-07-24
904,Sahil Soman,Male,1961-09-19,Bhopal,2022-02-25
905,Tiya Thakkar,Female,1958-06-10,Visakhapatnam,2024-12-12
906,Shalv Wali,Male,1953-07-27,Ahmedabad,2025-02-16
907,Kiaan Kurian,Male,1960-09-30,Indore,2021-11-12
908,Abram Chadha,Female,1955-06-10,Hyderabad,2021-05-13
909,Trisha Yogi,Male,1962-04-19,Chennai,2016-04-25
910,Dhanuk Bawa,Female,1998-09-18,Jaipur,2023-05-20
911,Veer Devan,Female,1995-12-01,Bengaluru,2016-12-06
912,Vedika Raju,Female,1954-04-25,Chennai,2024-08-02
913,Nakul Sethi,Male,1976-02-15,Bengaluru,2018-06-17
914,Jayant Keer,Female,2000-05-07,Chennai,2019-10-08
915,Rati Mannan,Female,1956-02-09,Chandigarh,2023-04-19
916,Keya Walla,Male,1959-05-06,Bengaluru,2019-08-05
917,Baiju Arora,Female,2007-02-06,Coimbatore,2024-09-13
918,Aarush Behl,Male,1986-10-03,Lucknow,2019-01-27
919,Indrans Tiwari,Male,2001-09-29,Chandigarh,2021-01-26
920,Sahil Tank,Male,1954-01-02,Bhopal,2025-01-17
921,Rania Chad,Female,2003-08-20,Delhi,2020-05-03
922,Anahi Chand,Female,1994-01-17,Hyderabad,2024-05-21
923,Shaan Mallick,Female,1972-06-13,Chennai,2024-04-01
924,Raghav Dhar,Male,1979-07-13,Mumbai,2018-12-29
925,Madhav Ravi,Female,1973-03-01,Jaipur,2020-02-11
926,Vritika Rao,Male,1996-02-15,Bengaluru,2017-03-30
927,Inaaya  Dass,Female,1982-03-18,Kolkata,2024-12-16
928,Sana Chopra,Female,1995-11-03,Hyderabad,2018-05-03
929,Tanya Amble,Female,1997-01-27,Pune,2024-03-23
930,Suhana Sawhney,Male,1957-06-10,Bhopal,2022-03-11
931,Dhanush Batra,Male,1987-03-03,Pune,2016-05-12
932,Divit Sidhu,Male,1963-11-02,Pune,2017-01-23
933,Sumer Sodhi,Male,1997-04-03,Bhopal,2020-04-15
934,Nayantara Tank,Female,1987-03-08,Visakhapatnam,2018-11-22
935,Nishith Behl,Male,1987-06-25,Mumbai,2017-01-18
936,Hridaan Shanker,Female,1958-06-10,Pune,2019-05-25
937,Trisha Ravi,Male,1960-02-11,Coimbatore,2018-11-19
938,Anahita Sridhar,Female,1964-07-07,Coimbatore,2022-04-10
939,Siya Setty,Female,1974-09-06,Bhopal,2025-01-12
940,Arhaan Dugal,Male,1992-05-13,Chandigarh,2017-11-14
941,Indrajit Kalita,Male,1959-05-09,Visakhapatnam,2020-04-13
942,Sara Ganesan,Female,1972-04-14,Bengaluru,2021-01-27
943,Samaira Manne,Female,2005-09-21,Hyderabad,2024-10-09
944,Priyansh Din,Male,1992-12-09,Chennai,2016-04-29
945,Kiaan Madan,Male,2002-09-26,Visakhapatnam,2018-08-06
946,Seher Reddy,Male,1969-02-05,Indore,2020-03-17
947,Sana Sundaram,Female,1961-03-17,Pune,2024-02-17
948,Fateh Thaker,Female,1970-06-27,Jaipur,2021-04-04
949,Renee Bhandari,Female,1953-03-08,Coimbatore,2023-04-27
950,Zaina Dave,Male,1951-11-17,Delhi,2019-10-25
951,Tejas Acharya,Male,1983-03-18,Visakhapatnam,2022-05-11
952,Nirvi Kanda,Female,2006-11-02,Delhi,2016-07-19
953,Adira Sarraf,Male,2004-10-03,Coimbatore,2021-01-27
954,Samiha Lala,Female,2002-01-22,Coimbatore,2024-10-02
955,Divij Wable,Male,2000-06-08,Delhi,2021-06-01
956,Shaan Mand,Female,1983-11-22,Visakhapatnam,2020-12-21
957,Lakshit Gokhale,Female,1979-01-08,Kolkata,2019-07-24
958,Ryan Baria,Female,1976-09-13,Bhopal,2024-08-14
959,Ishita Brar,Female,1951-12-14,Indore,2024-07-19
960,Saira De,Male,1984-01-24,Pune,2021-07-27
961,Riya Dugal,Female,1979-07-23,Ahmedabad,2021-09-22
962,Yuvaan Sachar,Female,1965-12-30,Pune,2020-02-25
963,Jayan Hari,Male,1985-03-06,Visakhapatnam,2022-05-28
964,Kartik Singh,Female,1976-10-10,Bhopal,2018-03-15
965,Pari Lad,Female,1986-03-20,Bengaluru,2024-03-27
966,Dhruv Bumb,Male,1972-08-22,Lucknow,2024-06-12
967,Aarav Mani,Female,1996-01-21,Jaipur,2021-01-18
968,Jayesh Sharma,Male,1980-04-05,Pune,2023-12-22
969,Taimur Dugal,Female,1951-09-01,Bengaluru,2017-11-07
970,Akarsh Sodhi,Female,1967-03-25,Chandigarh,2016-06-27
971,Shray Gour,Female,1993-12-24,Delhi,2020-06-14
972,Eva Bobal,Female,1955-08-11,Lucknow,2020-05-25
973,Shalv Bhavsar,Female,2004-10-26,Mumbai,2021-08-08
974,Divij Kanda,Female,2008-01-01,Pune,2020-01-22
975,Shalv Jaggi,Female,1963-08-24,Hyderabad,2017-06-09
976,Ayesha Loke,Female,1993-02-08,Lucknow,2016-05-08
977,Pihu Vyas,Male,1985-05-10,Delhi,2023-02-08
978,Ranbir Tella,Female,1998-02-02,Bengaluru,2022-09-23
979,Ehsaan Char,Male,1955-11-14,Pune,2017-08-17
980,Sara Kuruvilla,Male,1972-09-19,Hyderabad,2017-12-02
981,Ivana Sani,Female,1984-08-14,Coimbatore,2024-08-14
982,Onkar Solanki,Male,1990-07-09,Hyderabad,2020-01-15
983,Dhanush Jani,Male,2007-11-25,Bengaluru,2019-08-03
984,Ivan Bhattacharyya,Female,2006-03-06,Visakhapatnam,2018-08-09
985,Yuvaan Bansal,Female,1994-05-20,Pune,2016-05-20
986,Indrajit Wadhwa,Male,1961-08-04,Lucknow,2017-10-24
987,Prerak Garg,Male,1968-02-26,Lucknow,2022-06-26
988,Kavya Bandi,Female,1981-11-05,Chandigarh,2017-07-02
989,Trisha Raja,Female,1966-05-01,Pune,2020-07-05
990,Ritvik Jain,Male,2000-12-10,Ahmedabad,2020-10-09
991,Ayesha Kade,Male,1965-02-09,Lucknow,2023-01-04
992,Aarav Sabharwal,Female,1996-06-08,Jaipur,2018-12-29
993,Samiha Bala,Female,1984-11-28,Kolkata,2019-01-17
994,Alisha Brar,Female,1965-03-26,Chandigarh,2024-12-05
995,Bhavin Sengupta,Male,1978-03-27,Chennai,2023-03-03
996,Khushi Varughese,Male,1973-05-28,Hyderabad,2018-09-07
997,Ahana  Bora,Female,1950-08-15,Ahmedabad,2021-07-23
998,Anahi Bhattacharyya,Male,1998-03-18,Indore,2016-12-23
999,Saksham Andra,Female,1973-08-03,Delhi,2020-06-12
1000,Abram Jain,Female,1952-01-20,Bhopal,2020-06-21
